---CUSTOMERS TABLE CREATION
CREATE TABLE CUSTOMERS(
  customer_id INTEGER PRIMARY KEY,
  name VARCHAR(200) NOT NULL,
  region VARCHAR(100) NOT NULL
);

 ---PRODUCT TABLE CREATION
CREATE TABLE PRODUCTS(
   product_id INTEGER PRIMARY KEY,
   name VARCHAR(100) NOT NULL,
   price INTEGER
);

---TRANSACTIONS TABLE CREATION
CREATE TABLE TRANSACTIONS(
  transaction_id INTEGER PRIMARY KEY,
  customer_id INTEGER,
  product_id INTEGER,
  quantity INTEGER,
  amount INTEGER,
  sale_date DATE,
  CONSTRAINT fk_customer FOREIGN KEY(customer_id) REFERENCES CUSTOMERS(customer_id),
  CONSTRAINT fk_product FOREIGN KEY(product_id) REFERENCES PRODUCTS(product_id)
);

---BELOW ARE THE SAMPLE RECORDS INSERTED
--- CUSTOMERS
INSERT INTO CUSTOMERS VALUES (001, 'Aline Von', 'Nyarugenge');
INSERT INTO CUSTOMERS VALUES (002, 'Keith Powers', 'Musanze');
INSERT INTO CUSTOMERS VALUES (003, 'Meghan Lowel', 'Nyamagabe');
INSERT INTO CUSTOMERS VALUES (004, 'Alex Volkov', 'Gasabo');
INSERT INTO CUSTOMERS VALUES (005, 'Stella Alonso', 'Nyarugenge');

--- PRODUCTS
INSERT INTO PRODUCTS VALUES (101, 'Red velvet', 30000);
INSERT INTO PRODUCTS VALUES (102, 'chocolate', 15000);
INSERT INTO PRODUCTS VALUES (103, 'muffin', 1500);
INSERT INTO PRODUCTS VALUES (104, 'croissants', 3000);
INSERT INTO PRODUCTS VALUES (105, 'cookies', 1500);
  
--- TRANSACTIONS 
INSERT INTO TRANSACTIONS VALUES (301, 002, 105, 3, 4500, DATE '2025-01-09');
INSERT INTO TRANSACTIONS VALUES (302, 001, 103, 2, 30000, DATE '2025-03-19');
INSERT INTO TRANSACTIONS VALUES (303, 005, 102, 1, 15000, DATE '2025-02-20');
INSERT INTO TRANSACTIONS VALUES (304, 002, 104, 3, 4500, DATE '2025-04-05');
INSERT INTO TRANSACTIONS VALUES (305, 003, 101, 2, 60000, DATE '2025-07-13');
INSERT INTO TRANSACTIONS VALUES (306, 004, 101, 1, 30000, DATE '2025-06-05');

   
      
    
  
  
  
  
  
  
  
